clause,aspect_class,reading,prob,ci_lo,ci_hi
mc,Culm,Ant,0.30018341111865826,0.2587596663724366,0.33825612619643036
mc,Culm,Post,0.5843304655102906,0.5471726631312896,0.6258970853686393
mc,Culm,Simul,0.11548612337104724,0.08877496659071053,0.14850520813537918
mc,Pro,Ant,0.1384452374474608,0.09528249531357949,0.1912253613375195
mc,Pro,Post,0.19152314795486058,0.13090653232779564,0.2496102599018343
mc,Pro,Simul,0.6700316145976748,0.5958771805875166,0.7397376184032504
mc,CP,Ant,0.2425962926314103,0.1674212336481476,0.30012649974522543
mc,CP,Post,0.34132580221377584,0.2650074957850919,0.4158638534776523
mc,CP,Simul,0.41607790515480825,0.3408719583742453,0.5136229056217556
mc,St,Ant,0.264710768212302,0.22809999731663186,0.3092854844717958
mc,St,Post,0.25049480895583964,0.18241980407587174,0.31868528238506716
mc,St,Simul,0.48479442283185425,0.41897352879943317,0.5553602607815462
sc,Culm,Ant,0.24407737993128067,0.21743097923888569,0.2716420705821401
sc,Culm,Post,0.48133369342965426,0.44373066185372273,0.5135951187317206
sc,Culm,Simul,0.27458892663906054,0.24445114095671247,0.30999745066692974
sc,Pro,Ant,0.27103399896167085,0.18846746926755412,0.3514996349802324
sc,Pro,Post,0.36802572408953715,0.29022592978303174,0.4482884723409555
sc,Pro,Simul,0.36094027694879055,0.29049086076171643,0.43840926954916654
sc,CP,Ant,0.30978436912735674,0.25815901774879,0.35590685136645694
sc,CP,Post,0.35937704770597956,0.30534771512167563,0.4108935759812641
sc,CP,Simul,0.33083858316665643,0.29124582589038117,0.3775465296564805
sc,St,Ant,0.21120524241373964,0.15505491887121658,0.270218795469536
sc,St,Post,0.3069285318358334,0.2332067310615181,0.37205833843610836
sc,St,Simul,0.48186622575042715,0.40567853370331197,0.5559770081955165
