block,variety,weight,ci_lo,ci_hi,shift,shift_ci_lo,shift_ci_hi,rank
position,EP,0.3571,0.1815,0.5828,0.0007,0.0002,0.0024,3
position,BP,0.8306,0.612,1.0666,0.0025,0.0005,0.0102,3
position,AP,0.1985,0.0875,0.3257,0.0006,0.0002,0.002,4
position,MP,0.1719,0.05,0.3713,0.0015,0.0001,0.0041,4
connector,EP,0.0404,0.0,0.113,0.0001,0.0,0.0004,6
connector,BP,0.5981,0.3523,0.8941,0.0073,0.0023,0.0141,4
connector,AP,0.0404,0.0,0.1233,0.0004,0.0,0.0019,6
connector,MP,0.0204,0.0,0.0748,0.0001,0.0,0.0006,6
aspect_mc,EP,1.0567,0.813,1.4104,0.0307,0.0109,0.0674,1
aspect_mc,BP,0.9251,0.7374,1.2616,0.0162,0.0121,0.0571,2
aspect_mc,AP,1.0897,0.8696,1.4315,0.0307,0.0088,0.0637,1
aspect_mc,MP,1.1086,0.9063,1.4354,0.0251,0.009,0.0556,1
aspect_sc,EP,0.3517,0.2112,0.58,0.0107,0.0058,0.0448,4
aspect_sc,BP,0.3791,0.2633,0.6162,0.0374,0.0125,0.0693,5
aspect_sc,AP,0.3778,0.2044,0.6059,0.0256,0.0083,0.0546,3
aspect_sc,MP,0.4196,0.2659,0.6436,0.0287,0.0107,0.0622,3
tense_mc,EP,0.9054,0.7497,1.1869,0.0149,0.0062,0.0427,2
tense_mc,BP,1.0538,0.8591,1.3699,0.0166,0.0067,0.0459,1
tense_mc,AP,0.6635,0.5065,0.8957,0.0181,0.0062,0.038,2
tense_mc,MP,0.5364,0.3861,0.7395,0.0137,0.0027,0.0325,2
interaction,EP,0.1311,0.1068,0.5705,0.0155,0.0079,0.0393,5
interaction,BP,0.156,0.1401,0.5505,0.0238,0.0104,0.0476,6
interaction,AP,0.1246,0.1215,0.5505,0.0282,0.0116,0.0471,5
interaction,MP,0.1538,0.1225,0.5993,0.0196,0.0084,0.036,5
