,Ant,Post,Simul
pos_nonfinal,0.582656317641587,-0.5503262681282048,-0.032330049513386715
has_connector,0.5083728878620017,-0.7284796335679693,0.2201067457059644
mc_dynamic,-0.3310497355165152,0.03387307355401866,0.29717666196249176
mc_durative,-0.12267591990385657,-0.3121459150464952,0.4348218349503472
mc_telic,0.343934955031263,0.049470638068121846,-0.3934055930993782
sc_dynamic,0.09948922455114842,0.06601773353155062,-0.16550695808270624
sc_durative,0.31329044933851435,-0.18042758735414863,-0.1328628619843623
sc_telic,0.14091488661821414,-0.094197544776223,-0.04671734184198855
tense_present,0.6827089326533229,-0.5688992780328314,-0.1138096546204706
tense_future,0.24961271377965627,-0.11602903924036088,-0.13358367453929595
tense_nonfinite,0.005891375217217531,-0.01698399023751357,0.011092615020297833
mc_perfective,-0.16715198241623047,0.16164277104515176,0.00550921137107626
mc_progressive,-0.13251111085624012,0.0675557908443822,0.06495532001186138
mc_perfect,-0.3995259476279951,0.21159385981567,0.18793208781232768
mc_irrealis,-0.005085851414095692,0.028948258597606993,-0.0238624071835143
both_telic,-0.09598638534901563,0.10915272350909597,-0.013166338160079798
both_durative,-0.12866819352319453,-0.14042696401703364,0.26909515754022645
