model,feature,class,mean_abs_shap
B5 forest,pos_nonfinal,Ant,0.044798
B5 forest,pos_nonfinal,Post,0.026904
B5 forest,pos_nonfinal,Simul,0.017894
B5 forest,has_connector,Ant,0.01398
B5 forest,has_connector,Post,0.008802
B5 forest,has_connector,Simul,0.005211
B5 forest,mc_dynamic,Ant,0.041011
B5 forest,mc_dynamic,Post,0.021983
B5 forest,mc_dynamic,Simul,0.019125
B5 forest,mc_durative,Ant,0.008282
B5 forest,mc_durative,Post,0.111494
B5 forest,mc_durative,Simul,0.110805
B5 forest,mc_telic,Ant,0.010448
B5 forest,mc_telic,Post,0.068344
B5 forest,mc_telic,Simul,0.060637
B5 forest,sc_dynamic,Ant,0.003413
B5 forest,sc_dynamic,Post,0.002332
B5 forest,sc_dynamic,Simul,0.005222
B5 forest,sc_durative,Ant,0.012542
B5 forest,sc_durative,Post,0.028903
B5 forest,sc_durative,Simul,0.0168
B5 forest,sc_telic,Ant,0.005012
B5 forest,sc_telic,Post,0.005248
B5 forest,sc_telic,Simul,0.010124
B5 forest,tense_present,Ant,0.073405
B5 forest,tense_present,Post,0.037017
B5 forest,tense_present,Simul,0.036443
B5 forest,tense_future,Ant,0.000432
B5 forest,tense_future,Post,7.5e-05
B5 forest,tense_future,Simul,0.000448
B5 forest,tense_nonfinite,Ant,0.000789
B5 forest,tense_nonfinite,Post,0.000244
B5 forest,tense_nonfinite,Simul,0.000651
B5 forest,mc_perfective,Ant,0.047069
B5 forest,mc_perfective,Post,0.030908
B5 forest,mc_perfective,Simul,0.017099
B5 forest,mc_progressive,Ant,0.001072
B5 forest,mc_progressive,Post,0.000295
B5 forest,mc_progressive,Simul,0.00078
B5 forest,mc_perfect,Ant,0.006922
B5 forest,mc_perfect,Post,0.000395
B5 forest,mc_perfect,Simul,0.006532
B5 forest,mc_irrealis,Ant,0.000245
B5 forest,mc_irrealis,Post,9.1e-05
B5 forest,mc_irrealis,Simul,0.000155
B5 forest,both_telic,Ant,0.009
B5 forest,both_telic,Post,0.041279
B5 forest,both_telic,Simul,0.032537
B5 forest,both_durative,Ant,0.002857
B5 forest,both_durative,Post,0.040886
B5 forest,both_durative,Simul,0.042268
B5 xgboost,pos_nonfinal,Ant,0.437024
B5 xgboost,pos_nonfinal,Post,0.172694
B5 xgboost,pos_nonfinal,Simul,0.109606
B5 xgboost,has_connector,Ant,0.127922
B5 xgboost,has_connector,Post,0.116761
B5 xgboost,has_connector,Simul,0.040685
B5 xgboost,mc_dynamic,Ant,0.20931
B5 xgboost,mc_dynamic,Post,0.042936
B5 xgboost,mc_dynamic,Simul,0.151969
B5 xgboost,mc_durative,Ant,0.100643
B5 xgboost,mc_durative,Post,0.348021
B5 xgboost,mc_durative,Simul,0.703972
B5 xgboost,mc_telic,Ant,0.276891
B5 xgboost,mc_telic,Post,0.219029
B5 xgboost,mc_telic,Simul,0.292271
B5 xgboost,sc_dynamic,Ant,0.055774
B5 xgboost,sc_dynamic,Post,0.008978
B5 xgboost,sc_dynamic,Simul,0.109731
B5 xgboost,sc_durative,Ant,0.205451
B5 xgboost,sc_durative,Post,0.349846
B5 xgboost,sc_durative,Simul,0.021482
B5 xgboost,sc_telic,Ant,0.05905
B5 xgboost,sc_telic,Post,0.020626
B5 xgboost,sc_telic,Simul,0.081638
B5 xgboost,tense_present,Ant,0.449612
B5 xgboost,tense_present,Post,0.326974
B5 xgboost,tense_present,Simul,0.144383
B5 xgboost,tense_future,Ant,0.048439
B5 xgboost,tense_future,Post,0.008165
B5 xgboost,tense_future,Simul,0.012084
B5 xgboost,tense_nonfinite,Ant,0.005464
B5 xgboost,tense_nonfinite,Post,0.003765
B5 xgboost,tense_nonfinite,Simul,0.008693
B5 xgboost,mc_perfective,Ant,0.283176
B5 xgboost,mc_perfective,Post,0.196117
B5 xgboost,mc_perfective,Simul,0.099451
B5 xgboost,mc_progressive,Ant,0.026911
B5 xgboost,mc_progressive,Post,0.021977
B5 xgboost,mc_progressive,Simul,0.034953
B5 xgboost,mc_perfect,Ant,0.132703
B5 xgboost,mc_perfect,Post,0.060775
B5 xgboost,mc_perfect,Simul,0.037746
B5 xgboost,mc_irrealis,Ant,0.007825
B5 xgboost,mc_irrealis,Post,0.001948
B5 xgboost,mc_irrealis,Simul,0.010187
B5 xgboost,both_telic,Ant,0.012268
B5 xgboost,both_telic,Post,0.062935
B5 xgboost,both_telic,Simul,0.030575
B5 xgboost,both_durative,Ant,0.048094
B5 xgboost,both_durative,Post,0.105765
B5 xgboost,both_durative,Simul,0.095669
