model,block,class,mean_abs_shap
B5 forest,position,Ant,0.043663
B5 forest,position,Post,0.026943
B5 forest,position,Simul,0.01672
B5 forest,connector,Ant,0.015661
B5 forest,connector,Post,0.009857
B5 forest,connector,Simul,0.005843
B5 forest,aspect_mc,Ant,0.043889
B5 forest,aspect_mc,Post,0.154408
B5 forest,aspect_mc,Simul,0.138614
B5 forest,aspect_sc,Ant,0.015302
B5 forest,aspect_sc,Post,0.033053
B5 forest,aspect_sc,Simul,0.024163
B5 forest,tense_mc,Ant,0.100985
B5 forest,tense_mc,Post,0.070878
B5 forest,tense_mc,Simul,0.035333
B5 forest,interaction,Ant,0.010085
B5 forest,interaction,Post,0.061344
B5 forest,interaction,Simul,0.058222
B5 xgboost,position,Ant,0.368558
B5 xgboost,position,Post,0.203596
B5 xgboost,position,Simul,0.078981
B5 xgboost,connector,Ant,0.135532
B5 xgboost,connector,Post,0.103298
B5 xgboost,connector,Simul,0.034198
B5 xgboost,aspect_mc,Ant,0.195082
B5 xgboost,aspect_mc,Post,0.448662
B5 xgboost,aspect_mc,Simul,0.752629
B5 xgboost,aspect_sc,Ant,0.19773
B5 xgboost,aspect_sc,Post,0.297251
B5 xgboost,aspect_sc,Simul,0.174604
B5 xgboost,tense_mc,Ant,0.721484
B5 xgboost,tense_mc,Post,0.501629
B5 xgboost,tense_mc,Simul,0.173216
B5 xgboost,interaction,Ant,0.063624
B5 xgboost,interaction,Post,0.114428
B5 xgboost,interaction,Simul,0.121667
