ID;DR;SR-SC;CNT;Position;TR;TMC;ATMC;ATSC;Sentence;
PTEUV1;manner;;;Final;Ant;PP;Culm;Culm;Poucas horas depois, por volta das 04h00, o encontro concretizou-se, tendo o arguido ido buscar a vítima a casa.;
PTEUV2;asynchrony;;;Final;Post;PP;Culm;Culm;Na sexta-feira, a ministra acabou por pedir desculpas tendo pedido a demissão esta manhã.;
PTEUV3;expansion;;;Final;Simul;PP;Culm;St;O incidente fez 16 feridos, todos em estado estável, não tendo havido vítimas mortais.;
PTEUV4;expansion;;;Initial;Ant;PP;Culm;St;Nunca tendo sido defensora do Brexit, caiu-lhe no colo um dos mais delicados momentos políticos que a Grã-Bretanha enfrentou nas últimas décadas.;
PTEUV5;elaboration;;;Final;Simul;PP;Pro;Culm;Os 20 emblemas estiveram reunidos com a organização da Premier League, tendo recebido informação sobre os testes feitos noutras competições na pretérita temporada, nomeadamente na Taça de Inglaterra e na Taça da Liga inglesa.;
PTEUV6;exemplification;;;Final;Simul;Pres-Ind;St;Culm;Já são vários os campeonatos pela Europa onde o sistema tem implementação, nomeadamente em Portugal, mas também Espanha, Itália ou Alemanha, tendo igualmente sido utilizado já no último Mundial, na Rússia.;
PTEUV7;asynchrony;;;Final;Ant;PMP;Culm;Culm;Recorde-se que o Marítimo vencera o Campeonato de ( predecessor da Taça de Portugal ) na época de 1925-26, tendo dado um cabaz ao FC na meia-final: 7-1.;
PTEUV8;asynchrony;;;Final;Post;PP;Culm;Culm;Depois da vitória, a equipa voltou a jogar esta quarta-feira contra a Turquia, tendo vencido novamente, por 3-1.;
PTEUV9;asynchrony;;;Final;Post;PP;Culm;St;Aos 20 anos, o atacante sofreu uma paragem cardíaca durante um encontro de pré-temporada frente ao Werder Bremen que lhe causou danos cerebrais graves e permanentes, tendo mesmo chegado a estar em coma.;
PTEUV10;manner;;;Final;Simul;PP;Culm;Culm;O crime de tentativa de homicídio visou o jogador do Farense, ‘ Tavinho ’, tendo esfaqueado a vítima, por duas vezes, na zona do pescoço.;
PTEUV11;synchrony;;;Final;Simul;PP;CP;CP;No total, desde o início das investigações em janeiro de 2017, as autoridades recuperaram 800 mil euros resultantes do tráfico, tendo ainda sido neutralizados 40 veículos.;
PTEUV12;expansion;;;Initial;Simul;Pres-Ind;St;Culm;Em resposta, a SAD afirma que “ a equipa de futebol do Belenenses continuará a usar o nome que sempre foi, é e será o seu ". “ Tendo hoje sido conhecida a sentença proferida pelo Tribunal da Propriedade Intelectual, não está, minimamente, em causa que a equipa do Belenenses se continue a chamar Belenenses ", pode ler-se no comunicado emitido.;
PTEUV13;cause;;;Final;Post;PP;St;Pro;Uma secretária ficou também ferida, tendo sido necessário submeter-se a uma cirurgia.;
PTEUV14;concession;;mesmo;Medial;Simul;PP;Culm;St;Foram vários os juízes presidentes de comarca que, mesmo não tendo podido juntar-se aos colegas, por estarem em funções de gestão, manifestaram a sua solidariedade para com os colegas.;
PTEUV15;expansion;;;Final;Simul;Pres-Ind;St;St;Há 25 anos que trabalha em cuidados paliativos, tendo sido pioneira na concretização deste tipo de cuidados médicos em Portugal.;
PTEUV16;concession;;mesmo;Final;Ant;Pres-Ind;St;Culm;Manda em toda a gente, mesmo tendo morrido há 50 anos.;
PTEUV17;elaboration;;;Final;Simul;PP;Culm;Culm;A empresa norte-americana selecionou diversas publicações em vários países, tendo escolhido o Expresso como o mais importante semanário a fazer parte desta plataforma em Portugal.;
PTEUV18;cause;;;Final;Ant;PP;St;Pro;No entanto, a escala dos ataques foi bastante menor, tendo estes tirado a vida a 17 pessoas no total.;
PTEUV19;cause;;;Final;Ant;PP;Culm;St;Marisa Matias obteve ontem 10,13 % dos votos, tendo merecido a preferência de 469.307 eleitores.;
PTEUV20;asynchrony;;;Final;Post;PP;Culm;Culm;Paulo Gonçalves foi encontrado inconsciente depois de uma queda na décima primeira etapa da prova, tendo sido transportado para o hospital.;
PTEUV21;expansion;;;Final;Simul;Pres-Ind;St;CP;A relação entre o Coliseu do Porto e o circo é um casamento antigo e feliz, a celebrar as bodas de diamante, tendo construído uma história e uma tradição indelével, pertencente ao imaginário da cidade desde há 75 anos.;
PTEUV22;asynchrony;;;Final;Post;PP;Pro;Culm;O carro foi produzido durante três anos, entre 1996 e 1999, tendo sido colocadas na rua apenas 1.117 unidades, cuja utilização se poderia fazer mediante um contrato de leasing e apenas em dois estados norte-americanos: Califórnia e Arizona.;
PTEUV23;asynchrony;;;Final;Post;PP;Culm;Culm;O grupo de jovens envolvido no incidente foi identificado e levado para a esquadra pela PSP de Guimarães, tendo apenas sido detido o homem de 26 anos, por se encontrar na posse da espada partida do monumento. O jovem foi entretanto libertado, mas está notificado para comparecer em audiência em tribunal na terça-feira de manhã.;
PTEUV24;expansion;;;Final;Ant;PP;St;Pro;Dois anos depois, em janeiro de 2016, a Organização Mundial da Saúde ( OMS ) declarou que a epidemia estava debelada tendo morrido 11.300 pessoas.;
PTEUV25;asynchrony;;;Final;Post;PP;St;Culm;Pedro Rezende, por seu lado, foi sócio e vice-presidente da BCG entre 1990 e 2003, tendo posteriormente sido nomeado como administrador executivo da EDP por convite de João Tallone, então presidente da eléctrica nacional.;
PTEUV26;expansion;;;Final;Simul;Fut-C;CP;St;A operação de aumento de capital terá alcançado cerca de 100 milhões de euros, tendo os investidores sido prejudicados num montante total de cerca de 40 milhões de euros.;
PTEUV27;cause;;;Final;Simul;PP;CP;CP;Em 2017 e no que diz respeito ao e-commerce foram fiscalizados pela ASAE cerca de 3.600 operadores económicos, tendo sido instaurados cerca de 750 processo de contraordenação e 64 processos-crime.;
PTEUV28;asynchrony;;;Final;Post;PP;Culm;Culm;As outras cinco vítimas do atropelamento sofreram ferimentos ligeiros e foram todas assistidas no local, tendo algumas sido depois encaminhados para o Hospital do Barreiro.;
PTEUV29;asynchrony;;;Final;Post;PP;Culm;Culm;Um pai a quem foi retirada uma filha para adoção tentou bater no juiz, tendo sido apenas impedido pelos advogados das partes, no Tribunal de Família e Menores de Santa Maria da Feira.;
PTEUV30;expansion;;;Final;Post;PP;St;Culm;Putin foi o último a chegar, tendo apertado as mãos a Macron, Merkel e Trump.;
PTEUV31;expansion;;;Final;Simul;PP;Pro;Culm;Só em 2014, a Google gastou mais do dobro do que a Apple, Facebook, Yahoo, Twitter e Uber todas juntas a tentar influenciar as decisões tomadas em Bruxelas, tendo sido ultrapassada apenas pela Microsoft.;
PTEUV32;asynchrony;;;Final;Post;PP;Culm;Culm;Depois de revelar a informação secreta, o programador informático, de 33 anos, pediu asilo a 21 países a partir da zona de trânsito do aeroporto moscovita de Sheremetievo, tendo recebido finalmente proteção na Federação Russa.;
PTEUV33;expansion;;;Final;Ant;Pres-Ind;St;Culm;Esta não é a primeira vez que Jon Voight demonstra apoio público a Donald Trump, tendo chegado a discutir com Robert De Niro no Twitter por causa de divergências de opinião e orientação política.;
PTEUV34;manner;;;Final;Simul;PresPro;St;CP;O vento na zona leste da ilha da Madeira está a condicionar o movimento no Aeroporto Cristiano Ronaldo, tendo divergido para o Porto Santo e para Tenerife sete voos, disse esta segunda-feira fonte aeroportuária.;
PTEUV35;expansion;;;Final;Simul;Pres-Ind;St;Culm;Segundo o MAI, trata-se de uma situação de tentativa de imigração ilegal, tendo sido acionados os necessários mecanismos para estas situações.;
PTEUV36;asynchrony;;;Final;Post;PP;Pro;Culm;Na semana passada, o assunto foi discutido à porta fechada no parlamento, tendo sido criado um grupo de trabalho para estudar medidas de reforço da segurança nos aeroportos portugueses, documento que ainda não está fechado.;
PTEUV37;expansion;;;Final;Ant;PP;Culm;St;Em 2008 ficou em 8º lugar no 7th European Student Competition in Ancient Greek Language and Literature entre 3532 concorrentes de 551 escolas europeias e mexicanas, tendo sido o único português a concorrer.;
PTEUV38;concession;;;Initial;Simul;PP;Pro;St;Nunca tendo vivido nos EUA, as estadas periódicas, se nunca propiciaram colaborações em estúdio, permitiu-lhes tocar ao vivo com Chick Corea, Herbie Hancock, Dizzy Gillespie ou Stevie Wonder.;
PTEUV39;expansion;;;Final;Simul;PP;Culm;St;O “ alojamento fornecido gratuitamente por familiares ou amigos " atingiu as 39,6 milhões de dormidas, ou seja 46,4 % do total ( 45,6 % em 2016 ), tendo sido o preferido nas viagens ao estrangeiro ( 40,9 % ) e nas deslocações domésticas ( 47,7 % ).;
PTEUV40;asynchrony;;;Final;Post;PP;Culm;Culm;Segundo uma nota técnica da empresa Arqueologia e Património, na nova sondagem “ detectou-se, tal como era esperado, a continuação da Cerca Fernandina em taipa militar ", tendo ainda sido identificada “ uma estrutura que parece apresentar uma planta quadrangular ".;
PTEUV41;cause;;;Final;Simul;Pres-Ind;St;Pro;Rui Rio não é um estreante em Castelo de Vide, tendo participado nas edições de 2005 e 2009, quando era presidente da Câmara Municipal do Porto, na qualidade de orador convidado dos jantares-conferência.;
PTEUV42;asynchrony;;;Final;Post;PP;Culm;Culm;O antigo chefe de Governo português foi eleito para o ACNUR em junho de 2005 e reeleito cinco anos depois para um segundo mandato, tendo sido substituido no cargo da ONU pelo diplomata italiano Filippo Grandi.;
PTEUV43;expansion;;;Final;Simul;PP;Pro;Culm;Com a seleção argentina, Demichelis disputou duas edições do Mundial, tendo perdido a final de 2014, no Brasil, para a Alemanha, por 1-0, no prolongamento.;
PTEUV44;asynchrony;;;Final;Post;PP;St;Culm;Outro utente, na Unidade Local de Saúde do Norte Alentejano ( ULSNA ), viu cancelada por duas vezes a consulta da especialidade da tiroide. “ A utente teve consulta marcada para os dias 5 de setembro de 2016, 23 de janeiro de 2017 e 28 de agosto de 2017, tendo a mesma sido apenas realizada em 18 de setembro de 2017, um ano após a primeira marcação ", refere a ERS.;
PTEUV45;expansion;;;Final;Ant;ir(Pres)+INF-S;Pro;Culm;O MAAT vai finalmente funcionar em pleno, tendo sido encomendada uma instalação ao artista norte-americano Bill Fontana, pioneiro das obras sonoras, para assinalar o primeiro aniversário do museu, em outubro.;
PTEUV46;asynchrony;;;Final;Post;PP;Culm;Culm;E Júlio Magalhães foi mesmo contactado nesse sentido, tendo sido apanhado de surpresa quando jantava com um grupo de amigos.;
PTEUV47;expansion;;;Final;Simul;Pres-Ind;Pro;Culm;O grupo Volkswagen disputa com a Toyota o lugar de maior fabricante automóvel do mundo, um título essencialmente simbólico, tendo conseguido a dianteira, por uma margem ligeira, no primeiro semestre deste ano.;
PTEUV48;asynchrony;;;Final;Post;PP;Culm;Culm;O avançado marfinense rumou ao Girona, da Liga espanhola, tendo assinado um contrato válido por três épocas.;
PTEUV49;cause;;;Initial;Ant;Fut;St;St;Não tendo conseguido acionar o serviço antecipadamente, não poderá viajar.;
PTEUV50;expansion;;;Final;Simul;PIMP-Ind;St;St;As duas que estavam até agora operacionais estavam à guarda da PSP e da GNR, nas respetivas instalações em Lisboa, tendo demorado cerca de 12 horas até chegarem ao terreno em incêndios mais graves, como o de Pedrógão e no Sardoal, em 2016.;
PTAOV1;concession;;mesmo;Initial;Ant;Pres-Ind;St;CP;Mesmo tendo batido em Angola todos os Record as suas músicas, para mim e falo por mim, Matias Damásio, não é aquele tipo de musico que merece uma atenção assim tão especial como um MCK, Bonga ou Brigadeiro 10 pacotes por exemplo.;
PTAOV2;expansion;;;Final;Simul;PresPro;St;Culm;Acabadas as sessões de venda trissemanais de divisas em leilão aos bancos comerciais, iniciadas a 09 de Janeiro último, o BNA está desde 01 deste mês a proceder a operações diárias, tendo indicado que, em Novembro, pretende colocar no mercado primário 850 milhões de dólares ( 732,75 milhões de euros ).;
PTAOV3;concession;;mesmo;Initial;Ant;PP;St;Culm;Mesmo não tendo encontrado simpatia dos familiares, não apagou a chama da sua consagração.;
PTAOV4;elaboration;;;Final;Simul;PP;Pro;Culm;Contactos com a Corporação Financeira Internacional Ontem, a delegação angolana reuniu-se com uma equipa da Corporação Financeira Internacional ( IFC ), do grupo Banco Mundial, tendo apresentado o relatório “ Doing Business in Angola 2009 ".;
PTAOV5;expansion;;;Final;Simul;PP;Culm;Culm;O Tribunal Provincial de Luanda condenou ontem sete dos 10 réus que estavam em julgamento no âmbito do “ Caso Beatriz ", referente ao assassinato, há um ano, da jornalista Beatriz Fernandes e do seu amigo Jomance Muxito, tendo dois deles sido condenados a 24 anos de prisão.;
PTAOV6;asynchrony;;;Final;Post;PP;Culm;Culm;A defesa colocou a questão no processo, tendo esta sido rejeitada pelo juiz do processo, o que motivou um recurso para a Relação.;
PTAOV7;expansion;;;Final;Post;PIMP-Ind;St;Culm;A última mina em exploração situava-se em Kassinga, Huíla, tendo cessado a extracção durante a guerra civil.;
PTAOV8;expansion;;;Final;Simul;PP;St;CP;A Arábia Saudita foi o maior importador da região e o segundo maior importador do mundo, tendo aumentado as suas importações em 275 %, no período 2011-2015 em relação a 2006-2010.;
PTAOV9;cause;;;Final;Post;PP;Culm;CP;Sofreu fracturas na cabeça, tendo sido suturado com 12 pontos, e no braço direito.;
PTAOV10;synchrony;;;Final;Simul;PP;Culm;Culm;Nas partidas disputadas entre si, desde 2008 em Calulo, o Libolo ganhou apenas uma vez ao Petro, tendo empatado quatro e perdido seis.;
PTAOV11;concession;;mesmo;Final;Ant;PP;Culm;St;As declarações de Vettel sempre vem com conteúdo sobre o trabalho em equipe da Ferrari e o alemão reafirmou seu compromisso com o time, mesmo não tendo conseguido um título pela escuderia de Maranello.;
PTAOV12;cause;;;Final;Post;PP;St;CP;Relativamente à habitação, o município beneficiou do Programa Habitacional, com a construção de 200 fogos no quadro do subprograma municipal, tendo sido erguidas 100 casas e já habitadas por professores, enfermeiros, funcionários administrativos, entre outros, sobretudo os jovens, face a 30 porcento da fatia que lhes é reservada.;
PTAOV13;expansion;;;Final;Simul;PP;Culm;Culm;A informação foi avançada hoje, segunda-feira, à Angop, pelo rei de Ombala yo Mungo, Mário Shatipamba, tendo justificado que as crianças fazem esse percurso devido a falta de escolas na circunscrição.;
PTAOV14;elaboration;;;Final;Simul;PP;Pro;CP;Após a assinatura do Memorando de Entendimento Complementar ao Protocolo de Lusaka, em Luanda, já enquadrado nas Forças Armadas Angolanas, com cargo de chefia, dedicou-se a terminar os seus estudos, tendo efectuado uma licenciatura em História.;
PTAOV15;concession;;;Final;Ant;Cond;Culm;St;Se o inverso fosse verdadeiro, nunca me passaria pela cabeça, anular o diploma em engenharia, de José Eduardo dos Santos, mesmo não tendo demonstrado, ao longo dos anos, qualificação académica justificativa.;
PTAOV16;expansion;;;Final;Simul;PP;Culm;Culm;A subida de tom entre a Rússia e os EUA nos dias anteriores ao ataque resultou num aumento de mais de 10 por cento do preço do barril, tendo chegado a bater nos 73 USD no final da semana passada.;
PTAOV17;asynchrony;;;Final;Post;PP;Culm;Culm;Nascido em Malanje há 54 anos, mas criado no Qimbele ( Uíge ), Carlos Rosado de Carvalho ( CRC ) foi com 13 anos foi para Portugal, onde viveu cerca de 33 anos, tendo regressado a Angola em 2008.;
PTAOV18;asynchrony;;;Final;Post;PP;Pro;St;Estudou Agronomia e Silvicultura em Lisboa, tendo vivido em Lisboa, Luanda, Rio de Janeiro e Berlim.;
PTAOV19;elaboration;;;Final;Simul;PIMP-Ind;Pro;Pro;O líder parlamentar da UNITA falava em Luanda, em conferência de imprensa, tendo comentado notícias nomeadamente sobre o caso do Banco Espírito Santo Angola ( BESA ) e envolvimento de altos responsáveis do regime, considerando que tais abordagens afectam a imagem do país.;
PTAOV20;asynchrony;;;Final;Post;PP;Culm;Culm;O avião da EuroAtlantic aterrou hoje no Aeroporto Internacional Osvaldo Vieira, em Bissau, tendo sido recebido em festa, com música tradicional e palmas de algumas dezenas de pessoas que quiseram testemunhar a chegada do aparelho.;
PTAOV21;expansion;;;Final;Simul;PP;CP;Culm;No total, as exportações portuguesas para países fora da União Europeia aumentaram 52,4 % entre 2010 e 2014, tendo atingido os 14.006.008.100 euros no final do ano passado.;
PTAOV22;expansion;;;Final;Post;PP;Culm;St;O BES registou prejuízos históricos de quase 3,6 mil milhões de euros no primeiro semestre deste ano, tendo sido este o início de uma crise bastante mais profunda que motivou a intervenção do Banco de Portugal.;
PTAOV23;asynchrony;;;Final;Post;PP;Pro;Culm;Após a prisão, Zuma exilou-se, primeiro, na Suazilândia e, depois, em Moçambique, onde chegou a vice-representante principal do ANC até à assinatura dos Acordos de Nkomati, que repôs as relações entre o país lusófono e a África do Sul, tendo sido obrigado a abandonar o país, por imposição do regime de PW Botha, seguindo, então, para a Zâmbia.;
PTAOV24;asynchrony;;;Final;Ant;Pres-Ind;Culm;Culm;José Eduardo dos Santos, reeleito presidente do partido em 2016, completa em Agosto próximo 75 anos, tendo anunciado em Março do ano passado que pretendia abandonar a vida política em 2018.;
PTAOV25;asynchrony;;;Final;Post;PP;Culm;Culm;A ministra do Ensino Superior, Ciência, Tecnologia e Inovação, Maria do Rosário Sambo, considerou “ legítimas " as preocupações dos estudantes, tendo apontado “ medidas práticas " para inverter a situação.;
PTAOV26;asynchrony;;;Final;Post;PP;Culm;Culm;O primeiro-ministro Paolo Gentiloni transmitiu a disponibilidade de Itália para alargar a cooperação a outros níveis, tendo assistido à assinatura de acordos de cooperação entre as petrolíferas ENI e Sonangol, ao nível de produção de petróleo e gás, bem como de refinação.;
PTAOV27;elaboration;;;Final;Simul;PP;St;CP;O índice do Dow Jones sobre a indústria teve na semana passada a pior semana desde 2011, tendo sido ‘ apagados ’ das carteiras dos investidores mais de 1,2 biliões de dólares nos dias em que o barril de petróleo desceu para os 58 dólares.;
PTAOV28;cause;;;Final;Simul;PMP;Culm;St;Ficámos a saber que as tropas do governo tinham atacado durante a noite e a madrugada, aquela base da UNITA, tendo havido mortos e feridos e roubo de muitas cabeças de gado.;
PTAOV29;asynchrony;;;Final;Post;PP;Culm;Pro;A polícia angolana foi chamada a intervir, em Junho de 2012, para travar uma outra manifestação do género em Luanda, convocada por ex-militares, tendo sido disparados tiros para o ar, alegando as autoridades que o protesto não estava autorizado.;
PTAOV30;cause;;;Final;Post;PP;Culm;Culm;Em 2008, o edifício da antiga Direcção Nacional de Investigação Criminal ( DNIC ) desabou tendo causado 24 mortos entre as 180 pessoas que se encontravam no edifício.;
PTAOV31;cause;;;Final;Post;PP;Culm;Culm;Sobre menores envolvidos em crime de assassinato, recordo o caso de um rapaz de 11 anos de idade à altura que, enquanto brincava com outras crianças, derrubou sobre o chão uma menina de 10, tendo esta acabado por morrer no hospital dias depois.;
PTAOV32;expansion;;;Final;Simul;Pres-Ind;St;St;Este tipo de emissão é feito em moeda nacional, não tendo sido adiantado valores da operação agora em preparação pelo Governo.;
PTAOV33;asynchrony;;;Final;Post;PP;Culm;Culm;O Governo angolano completou no 15 de Janeiro um ano na presidência da CIRGL, tendo assumido o objectivo de pacificação desta região do continente africano.;
PTAOV34;concession;;mesmo;Final;Ant;Pres-Ind;Culm;Culm;Eu peço ao presidente da República para avaliar este caso, na qualidade de pai, mesmo os tendo considerado, um dia de frustrados.;
PTAOV35;expansion;;;Final;Simul;PP;CP;St;O encontro serviu também para as duas delegações fazerem um ponto da situação das relações bilaterais, tendo o encontro sido “ muito produtivo ", como sublinhou António Costa.;
PTAOV36;asynchrony;;;Final;Post;PP;Pro;Culm;Durante as manifestações violentas de 2016 onde milhares de pessoas exigiram nas ruas a saída do poder de Joseph Kabila, Fayulu foi gravemente ferido nos confrontos com a polícia, tendo sido internado durante vários dias.;
PTAOV37;asynchrony;;;Final;Post;PP;Culm;Culm;Para o efeito, reuniram-se hoje, na capital da Lunda Norte, as autoridades provinciais angolanas, tendo sido identificada a necessidade de reforço de bens de primeira necessidade e de tendas, prevendo-se o aumento de refugiados.;
PTAOV38;asynchrony;;;Final;Post;PP;Culm;Culm;Nascido em Luanda em 1952, Tony Caetano iniciou a carreira musical nos anos 70 como percussionista de um grupo luandense, tendo optado posteriormente por uma carreira a solo, estreando-se no programa Cutonoca, apresentado pelo falecido Luís Montez.;
PTAOV39;asynchrony;;;Final;Ant;Pres-Ind;Culm;Culm;A ONG exige directamente do Governo angolano a recuperação, até final deste ano, de 3,6 milhões de dólares, tendo recebido já 2,9 milhões de dólares americanos.;
PTAOV40;expansion;;;Final;Ant;PP;CP;Culm;De recordar que a selecção angolana de futebol para amputados conquistou a medalha de prata no mundial de 2014, também no México, tendo o combinado nacional perdido na final com a Rússia por 1-3.;
PTAOV41;elaboration;;;Final;Simul;PP;St;CP;De acordo com um estudo da Bloomberg, a redução média, apesar de menos 100 mil barris de exportações angolanas, foi de 80 000 no computo geral, tendo passado de 32,47 milhões de barris/dia para 32,29 milhões.;
PTAOV42;elaboration;;;Final;Simul;PP;Culm;Culm;Se, enquanto pessoa e por vontade própria, o Dr. Isaías Samakuva exprimiu o desejo que ia na alma, tendo declarado que deixaria a liderança da Partido, enquanto membro de uma organização é obrigado a sujeitar-se às regras do jogo estabelecidas, subordinando-se à maioria.;
PTAOV43;asynchrony;;;Final;Post;PP;Culm;Culm;O Presidente francês, Emmanuel Macron, apesar de ter mostrado uma postura dúbia na visita que fez a Washington há duas semanas, a Chanceler alemã, Angela Merkel, e a primeira-ministra britânica, Theresa May, reuniram de emergência para analisar a decisão de Trump, tendo anunciado que os seus países, tal como a União Europeia, manter-se-ão fiéis ao acordo assinado com o Irão.;
PTAOV44;elaboration;;;Final;Simul;PIMP-Ind;Pro;Culm;O também ministro da Defesa de Angola falava em Luanda, na sede do partido que está no poder há 41 anos, na habitual cerimónia de cumprimentos de Ano Novo, tendo enfatizado a necessidade de preparar desde já as próximas eleições, presidenciais e legislativas.;
PTAOV45;expansion;;;Final;Simul;Pres-Ind;St;St;O Bloco de Esquerda é o único partido português que não se rendeu ao poder ditatorial do regime de sua majestade o rei José Eduardo dos Santos, tendo estado sempre na primeira linha do combate pelas liberdades e garantias que não existem no nosso país.;
PTAOV46;asynchrony;;;Final;Post;PP;Culm;Culm;O Presidente da República de Angola, João Lourenço, reuniu-se hoje na Suíça com o homólogo brasileiro, Michel Temer, tendo anunciado no final que prevê realizar uma visita oficial ao Brasil no próximo mês de Maio.;
PTAOV47;expansion;;;Final;Simul;PP;St;CP;No mesmo mês de 2014, a exportação foi de 50,2 milhões de barris de crude, tendo rendido 242.281 milhões de kwanzas ( 1.744 milhões de euros, à taxa de câmbio actual ).;
PTAOV48;asynchrony;;;Final;Post;PP;Culm;Culm;O candidato à sucessão de José Eduardo dos Santos votou pouco depois das 09:25, na Faculdade de Direito da Universidade Agostinho Neto, em Luanda, tendo apelado de seguida a todos os eleitores para fazerem o mesmo e mostrou-se tranquilo quanto à escolha que vão fazer.;
PTAOV49;expansion;;;Final;Simul;Pres-Ind;St;St;Tem mais de 20 anos de experiência no sector financeiro, tendo sido responsável por projectos de investimento num montante global superior a 50 mil milhões de euros, nos 5 continentes.;
PTAOV50;expansion;;;Final;Simul;PP;St;Culm;Andrea Moreno foi um dos oradores na 1ª Conferência Internacional sobre Fraudes e Delitos Económicos em Angola, que decorreu recentemente em Luanda, tendo desafiado as autoridades policiais e fiscais a olharem para as trocas comerciais com o exterior, desde que o dinheiro deixou de sair em malas.;
PTMZV1;expansion;;;Final;Simul;PP;CP;CP;A acção resultou de um trabalho inspectivo desencadeado em 788 empresas que operam em Nampula, tendo abrangido um universo de 20 mil trabalhadores, entre os quais 1.065 estrangeiros.;
PTMZV2;expansion;;;Final;Ant;PP;Pro;Culm;A marcha seguiu um itinerário diferente ao inicialmente programado, tendo partido da sua sede, na Avenida Eduardo Mondlane, até à Praça da Paz.;
PTMZV3;expansion;;;Final;Post;PstPro;St;CP;Em 1997 em cada 100 mulheres casadas ou unidas apenas cerca de 5 estavam a usar métodos de planeamento familiar, tendo aumentado em 2003 para cerca de 12 mulheres e reduzido em 2011 para 11 mulheres.;
PTMZV4;expansion;;;Final;Simul;PP;St;CP;Por causa destas limitações, a cobertura nacional do TARV para o ano de 2012 foi de 48 por cento, tendo atingido 308,578 pessoas, das quais, 24.891 crianças e a outra parte constituída por adultos.;
PTMZV5;asynchrony;;;Final;Post;PP;Culm;Culm;Uma mulher contou a nossa reportagem que quando ouviu o barulho, saiu para acudir, tendo sido ameaçada com uma garrafa pelo esfaqueador.;
PTMZV6;expansion;;;Final;Simul;Pres-Ind;St;Pro;A entrega dos 38 autocarros surge no âmbito do processo de aquisição de 380 autocarros tendo sido disponibilizados, até a data, um total de 110 unidades.;
PTMZV7;expansion;;;Final;Simul;PP;Culm;Culm;Ontem, as autoridades na coordenação dos combates aos incêndios no centro de Portugal desmentiram a queda de qualquer um dos aviões integrados na operação oficial, tendo dito que a explosão de uma botija de gás terá sido confundida com a queda de um avião canadair, na zona de Ouzenda, conselho de Pedrógão Grande, Leiria.;
PTMZV8;cause;;;Final;Ant;PP;St;Culm;O operador de mototáxi que o acompanhava não ficou incólume, tendo perdido oito mil meticais, um telemóvel e o seu meio de transporte.;
PTMZV9;elaboration;;;Final;Simul;PP;Pro;St;Durante o período em análise, a Polícia de Trânsito levou a cabo a fiscalização rodoviária, tendo abrangido 3.825 carros.;
PTMZV10;expansion;;;Final;Simul;PP;St;Culm;No seguimento das suas acções de fiscalização para aferir o cumprimento da legalidade laboral junto das empresas e instituições de diferentes sectores de actividade, a IGT abrangeu 201 trabalhadores, dos quais 10 de nacionalidades estrangeiras, tendo suspendido um outro cidadão de nacionalidade maliana, na empresa Amadou Djire Comercial, em Quelimane, pelas mesmas razões, segundo explica um comunicado de imprensa enviado ao @ Verdade.;
PTMZV11;cause;;;Initial;Ant;PP;Culm;St;Não tendo ficado satisfeita com a explicação, ela regressou à sua residência, de onde trouxe um ferro quente para descarregar a sua raiva.;
PTMZV12;asynchrony;;;Final;Post;PP;CP;CP;Efectivamente, no informe, Augusto Paulino fez saber que em 2013 foram tramitados 876 processos, sendo 600 de corrupção e 276 de peculato e desvio de fundos ou bens do Estado, tendo sido julgados 138 processos.;
PTMZV13;cause;;;Final;Post;PP;Culm;Culm;Chegado à capital Lichinga, em trânsito para Cuamba, o edil sentiu-se mal novamente, tendo sido internado no Hospital Provincial de Lichinga, onde viria a perder a vida por volta das 14.50 horas.;
PTMZV14;elaboration;;;Final;Simul;PP;Culm;Culm;Não satisfeito com a produção da sua equipa, Sérgio Faife operou duas substituições de uma só vez, tendo colocado Zé Luís e Ziqo nos lugares de Liberty e Muandro, respectivamente.;
PTMZV15;expansion;;;Final;Simul;PP;CP;CP;Marcou oito golos contra seis daquela temporada, tendo sofrido 14, contrariamente aos 24 de há dois anos.;
PTMZV16;asynchrony;;;Final;Post;PP;Culm;Culm;A população de Mavodze, suspeitando que eram ambos caçadores furtivos, levou os jornalistas ao posto da Polícia da República de Moçambique ( PRM ) na localidade, exigindo que fossem presos, tendo os dois sido libertados no dia seguinte.;
PTMZV17;cause;;;Final;Post;PP;Culm;Culm;Volvida uma década, em 2014, a doença agudizou-se, tendo sido evacuado para o Hospital Provincial de Pemba e, posteriormente, transferido para o Hospital Central de Nampula, no dia 27 de Novembro do mesmo ano.;
PTMZV18;asynchrony;;;Final;Post;PP;Culm;Culm;A notícia sobre o referido assalto foi reportada há algumas semanas, tendo depois sido confirmada pela Polícia da República de Moçambique ( PRM ), que mais tarde veio a recuperar a viatura roubada algures na cidade de Xai-Xai, a mais de 200 quilómetros de Maputo.;
PTMZV19;expansion;;;Final;Simul;Pres-Ind;Pro;Culm;Para além de confirmar o rapto de pessoas com albinismo, a Task Force fala da existência de indivíduos que exumam campas para a extracção de ossadas de gente com as características anteriormente descritas, tendo indicado os distritos de Malema, Murrupula e Malema como os que mais casos registam.;
PTMZV20;cause;;;Final;Post;PP;Culm;Culm;Sem indicar nomes, a administradora daquela área de conservação transfronteiriça, Cândida Lucas, lembrou que um dos fiscais foi atacado, em Maio de 2009, quando foi violentamente agredido com catanas e picaretas, tendo contraído ferimentos graves na zona craniana.;
PTMZV21;asynchrony;;;Final;Post;Cond-C;Culm;Culm;Já na quinta-feira da semana passada, a Polícia teria advertido os estrangeiros residentes naquelas áreas para que abandonassem o local, tendo ainda ajudado alguns a retirarem os seus bens das lojas e das suas residências.;
PTMZV22;asynchrony;;;Final;Post;PP;Culm;Culm;Foi internado por doença há cinco semanas, tendo tido alta no dia 28 de Maio passado, mas até sexta-feira não tinha sido localizada a sua mãe e muito menos o pai ou qualquer outro parente. “ Como pode ver, não temos tantos bebés abandonados, como se refere " – disse a entrevistada, explicando ainda que o que tem acontecido com uma certa frequência são os casos de bebés que ficam algum tempo no berçário, em consequência da morte das suas mães.;
PTMZV23;asynchrony;;;Final;Post;PP;CP;Culm;Volvidos 40 dias após a tomada de posse como Presidente da República, Filipe Nyusi deslocou-se a Nampula, tendo sido recebido por membros do governo provincial, da Organização da Mulher Moçambicana ( OMM ), da Organização da Juventude Moçambicana ( OJM ), líderes comunitários e um punhado de curiosos.;
PTMZV24;expansion;;;Final;Simul;PP;CP;CP;Ela adoeceu por várias vezes durante meses, padecendo de fortes dores de cabeça, tendo recorrido, sem sucesso, a diversos curandeiros.;
PTMZV25;asynchrony;;;Final;Post;PP;Pro;CP;O dirigente, que também morreu, ignorou o apelo, tendo embatido violentamente, várias vezes, em lombas e colocando os colegas em pânico.;
PTMZV26;asynchrony;;;Final;Post;PP;Culm;Culm;Trata-se de um jovem que em vida respondia pelo nome de Ângelo António Muhila, de 29 anos de idade, que foi alvejado à queima-roupa, tendo perdido a vida de imediato.;
PTMZV27;asynchrony;;;Final;Post;PP;Culm;CP;A culpa morreu solteira, excepto no caso de Hélio! “ Tenho fé de que se as vítimas abraçarem a causa terão sucesso ", disse-nos Leopoldo de Amaral, tendo acrescentado que os cidadãos na situação em causa podem também, se acharem conveniente, “ constituir um advogado ".;
PTMZV28;asynchrony;;;Final;Post;PP;Culm;Pro;Regressou ao país em 1996, tendo trabalhado como médico na província de Nampula e, entre 1998 e 2000, foi director provincial de Saúde em Cabo Delgado.;
PTMZV29;asynchrony;;;Final;Post;PP;CP;CP;Mesmo sem revelar o número de campos inspeccionadas, das nove equipas filiadas, a APFN fiscalizou algumas infra-estruturas desportivas, tendo ficado provado estas que dispõem das condições exigidas para acolheram os jogos.;
PTMZV30;expansion;;;Final;Ant;PP;CP;CP;O povo moçambicano aumentou em cerca de 41 por cento, relativamente ao RGPH de 2007, tendo crescido a uma média de 4 por cento ao ano revelam os resultados apresentados no passado dia 30 pelo Instituto Nacional de Estatística(INE ).;
PTMZV31;asynchrony;;;Final;Post;PP;Pro;Pro;Além disso, a agremiação participou numa prova designada Ronil, tendo ocupado o segundo lugar.;
PTMZV32;expansion;;;Final;Simul;PP;Pro;Culm;No segundo tempo, os encarnados geriram a vantagem, sem nunca permitir grandes hipóteses aos vila-condenses, tendo Cardozo entrado para o lugar de Lima aos 65 minutos.;
PTMZV33;elaboration;;;Final;Simul;PP;CP;CP;Controlaram o jogo e visitaram mais vezes a baliza contrária, tendo desferido 11 remates contra apenas sete do lado contrário.;
PTMZV34;asynchrony;;;Final;Post;PP;Pro;Culm;Pressionou e encurralou a equipa adversária na zona mais recuada do terreno, tendo chegado ao golo à passagem do minuto 12, por intermédio de Serginha.;
PTMZV35;expansion;;;Final;Simul;PP;Culm;Culm;Na passada quarta-feira, Dhlakama voltou a tocar no assunto, tendo comentado que essa é a razão do impasse com o Governo moçambicano.;
PTMZV36;expansion;;;Final;Simul;PP;Pro;CP;Foi o marco do fim de um conflito armado que durou 16 anos, tendo causado mais de um milhão de mortes, quatro milhões de deslocados e todas as infra-estruturas destruídas.;
PTMZV37;expansion;;;Final;Simul;PP;Pro;Culm;No lance, a bola voou da asa esquerda do ataque ao centro da grande área locomotiva, cruzada por Dito, tendo surgido o avançado a cabecear para o fundo das malhas, todavia beneficiando de um escorregadio do guarda-redes Germano.;
PTMZV38;expansion;;;Final;Simul;PP;Culm;Culm;Neste ano efectuou apenas uma partida oficial diante do Botswana, em Gaberone, tendo sido goleado por 3 a 0, a 05 de Março último.;
PTMZV39;asynchrony;;;Final;Post;PP;St;CP;Aliás, foi precisamente esta a empresa que implementou o primeiro programa de controlo de qualidade em 1978, tendo construído os primeiros laboratórios de controlo de qualidade dos produtos de pesca no período compreendido entre 1980 e 1990.;
PTMZV40;expansion;;;Final;Post;PP;Culm;Culm;Sem a ajuda de João Mazive, o lateral que deveria fazer esta asa, sempre nas costas do “ 17 " canarinho, Parkim foi o mais sacrificado e manifestou cansaço a partir do minuto 65, tendo sido substituído somente no minuto 81.;
PTMZV41;elaboration;;;Final;Simul;PP;Culm;St;Iniciou a carreira na Escola Secundária da Matola, tendo sido, inicialmente, treinador-adjunto daquela escola que se sagrou vice-campeã da primeira edição do “ Basket Show " em 2007, apesar de o principal ter abandonado o cargo antes do fim da competição.;
PTMZV42;cause;;;Final;Post;PP;St;Culm;Em femininos, Marieta Nhamitambo não se aguentou à intensidade da tenista tswana Marhang Makolo, tendo averbado uma derrota prematura de 2 a 0, com parciais de 6 – 3 e 6 – 4.;
PTMZV43;expansion;;;Final;Simul;PP;CP;CP;Sabe-se, de antemão, que efectuou apenas três jogos desde a sua criação, tendo somado apenas derrotas ".;
PTMZV44;asynchrony;;;Final;Post;PP;Culm;Pro;Jogando no seu reduto, os leoninos, que tinham um plano traçado e o claro objectivo de vencer, entraram nas quatro linhas mais acomodados, tendo exibido a sua superioridade em relação ao seu adversário.;
PTMZV45;cause;;;Initial;Ant;PP;Culm;St;Em apenas três jogos consecutivos, o Clube Ferroviário de Nampula conquistou apenas dois pontos, perdeu a primeira posição e, não tendo permanecido na segunda, caiu de forma estrondosa para a terceira, a seguir ao Maxaquene.;
PTMZV46;expansion;;;Final;Post;PIMP-Ind;St;Culm;Inicialmente competia em torneios recreativos a nível da capital do país, tendo dado um salto gigantesco rumo ao profissionalismo com a conquista de campeonatos nacionais apesar de, até hoje, não estar filiada a nenhum clube.;
PTMZV47;expansion;;;Final;Post;PP;Pro;CP;No Circuito Internacional da Zona VI de África, uma prova organizada pela Federação Internacional de Ténis ( ITF ), disputada em duas fases e em duas cidades distintas, Bruno Nhavene ocupou a primeira posição em Maputo, tendo conquistado a medalha de prata em Gaberone.;
PTMZV48;cause;;;Final;Post;PP;St;Culm;O Desportivo não consegui fazer face à desvantagem, tendo perdido o confronto por 58 a 73, um resultado que colocou o Ferroviário da Beira na segunda final consecutiva da Liga Nacional de Basquetebol.;
PTMZV49;cause;;;Final;Post;PP;St;Culm;O Ferroviário de Maputo soube tirar proveito a ponto de dar a volta ao marcador, mercê da rodagem feita por Horácio Martins, tendo vencido por 74 a 61.;
PTMZV50;asynchrony;;;Final;Post;PIMP-Ind;St;St;O jogo esteve ainda mais electrizante no terceiro tempo quando, durante os dez minutos, a superioridade do Ferroviário da Beira rondava entre oito e dez pontos, tendo ficado nos nove ao fim desta etapa.;
